path,label
/app/data/0_1.0.png,1
/app/data/100_1.0.png,1
/app/data/102_1.0.png,1
/app/data/103_1.0.png,1
/app/data/104_1.0.png,1
/app/data/106_1.0.png,1
/app/data/109_1.0.png,1
/app/data/10_1.0.png,1
/app/data/110_1.0.png,1
/app/data/114_1.0.png,1
/app/data/115_1.0.png,1
/app/data/116_1.0.png,1
/app/data/118_1.0.png,1
/app/data/11_1.0.png,1
/app/data/122_1.0.png,1
/app/data/123_1.0.png,1
/app/data/124_1.0.png,1
/app/data/128_1.0.png,1
/app/data/12_1.0.png,1
/app/data/132_1.0.png,1
/app/data/133_1.0.png,1
/app/data/134_1.0.png,1
/app/data/136_1.0.png,1
/app/data/137_1.0.png,1
/app/data/13_1.0.png,1
/app/data/143_1.0.png,1
/app/data/145_1.0.png,1
/app/data/147_1.0.png,1
/app/data/148_1.0.png,1
/app/data/149_1.0.png,1
/app/data/151_1.0.png,1
/app/data/152_1.0.png,1
/app/data/153_1.0.png,1
/app/data/154_1.0.png,1
/app/data/155_1.0.png,1
/app/data/157_1.0.png,1
/app/data/159_1.0.png,1
/app/data/15_1.0.png,1
/app/data/160_1.0.png,1
/app/data/161_1.0.png,1
/app/data/164_1.0.png,1
/app/data/165_1.0.png,1
/app/data/166_1.0.png,1
/app/data/167_1.0.png,1
/app/data/169_1.0.png,1
/app/data/170_1.0.png,1
/app/data/171_1.0.png,1
/app/data/172_1.0.png,1
/app/data/173_1.0.png,1
/app/data/174_1.0.png,1
/app/data/176_1.0.png,1
/app/data/177_1.0.png,1
/app/data/178_1.0.png,1
/app/data/179_1.0.png,1
/app/data/17_1.0.png,1
/app/data/180_1.0.png,1
/app/data/181_1.0.png,1
/app/data/182_1.0.png,1
/app/data/183_1.0.png,1
/app/data/185_1.0.png,1
/app/data/186_1.0.png,1
/app/data/187_1.0.png,1
/app/data/188_1.0.png,1
/app/data/189_1.0.png,1
/app/data/18_1.0.png,1
/app/data/191_1.0.png,1
/app/data/19_1.0.png,1
/app/data/1_1.0.png,1
/app/data/20_1.0.png,1
/app/data/21_1.0.png,1
/app/data/22_1.0.png,1
/app/data/23_1.0.png,1
/app/data/24_1.0.png,1
/app/data/25_1.0.png,1
/app/data/26_1.0.png,1
/app/data/27_1.0.png,1
/app/data/29_1.0.png,1
/app/data/2_1.0.png,1
/app/data/30_1.0.png,1
/app/data/34_1.0.png,1
/app/data/35_1.0.png,1
/app/data/36_1.0.png,1
/app/data/37_1.0.png,1
/app/data/39_1.0.png,1
/app/data/40_1.0.png,1
/app/data/41_1.0.png,1
/app/data/42_1.0.png,1
/app/data/44_1.0.png,1
/app/data/46_1.0.png,1
/app/data/47_1.0.png,1
/app/data/49_1.0.png,1
/app/data/4_1.0.png,1
/app/data/50_1.0.png,1
/app/data/51_1.0.png,1
/app/data/55_1.0.png,1
/app/data/56_1.0.png,1
/app/data/57_1.0.png,1
/app/data/58_1.0.png,1
/app/data/59_1.0.png,1
/app/data/5_1.0.png,1
/app/data/61_1.0.png,1
/app/data/63_1.0.png,1
/app/data/65_1.0.png,1
/app/data/68_1.0.png,1
/app/data/69_1.0.png,1
/app/data/6_1.0.png,1
/app/data/71_1.0.png,1
/app/data/72_1.0.png,1
/app/data/74_1.0.png,1
/app/data/75_1.0.png,1
/app/data/76_1.0.png,1
/app/data/78_1.0.png,1
/app/data/79_1.0.png,1
/app/data/80_1.0.png,1
/app/data/82_1.0.png,1
/app/data/84_1.0.png,1
/app/data/85_1.0.png,1
/app/data/86_1.0.png,1
/app/data/87_1.0.png,1
/app/data/88_1.0.png,1
/app/data/8_1.0.png,1
/app/data/90_1.0.png,1
/app/data/92_1.0.png,1
/app/data/93_1.0.png,1
/app/data/94_1.0.png,1
/app/data/95_1.0.png,1
/app/data/96_1.0.png,1
/app/data/97_1.0.png,1
/app/data/9_1.0.png,1
/app/data/192_2.0.png,2
/app/data/193_2.0.png,2
/app/data/195_2.0.png,2
/app/data/196_2.0.png,2
/app/data/197_2.0.png,2
/app/data/199_2.0.png,2
/app/data/202_2.0.png,2
/app/data/203_2.0.png,2
/app/data/204_2.0.png,2
/app/data/208_2.0.png,2
/app/data/209_2.0.png,2
/app/data/210_2.0.png,2
/app/data/212_2.0.png,2
/app/data/214_2.0.png,2
/app/data/217_2.0.png,2
/app/data/218_2.0.png,2
/app/data/219_2.0.png,2
/app/data/223_2.0.png,2
/app/data/225_2.0.png,2
/app/data/228_2.0.png,2
/app/data/229_2.0.png,2
/app/data/230_2.0.png,2
/app/data/232_2.0.png,2
/app/data/233_2.0.png,2
/app/data/236_2.0.png,2
/app/data/240_2.0.png,2
/app/data/242_2.0.png,2
/app/data/244_2.0.png,2
/app/data/245_2.0.png,2
/app/data/246_2.0.png,2
/app/data/249_2.0.png,2
/app/data/250_2.0.png,2
/app/data/251_2.0.png,2
/app/data/252_2.0.png,2
/app/data/253_2.0.png,2
/app/data/255_2.0.png,2
/app/data/257_2.0.png,2
/app/data/258_2.0.png,2
/app/data/259_2.0.png,2
/app/data/260_2.0.png,2
/app/data/263_2.0.png,2
/app/data/264_2.0.png,2
/app/data/265_2.0.png,2
/app/data/266_2.0.png,2
/app/data/268_2.0.png,2
/app/data/270_2.0.png,2
/app/data/271_2.0.png,2
/app/data/272_2.0.png,2
/app/data/273_2.0.png,2
/app/data/274_2.0.png,2
/app/data/276_2.0.png,2
/app/data/277_2.0.png,2
/app/data/278_2.0.png,2
/app/data/279_2.0.png,2
/app/data/280_2.0.png,2
/app/data/281_2.0.png,2
/app/data/282_2.0.png,2
/app/data/283_2.0.png,2
/app/data/284_2.0.png,2
/app/data/286_2.0.png,2
/app/data/287_2.0.png,2
/app/data/288_2.0.png,2
/app/data/289_2.0.png,2
/app/data/290_2.0.png,2
/app/data/291_2.0.png,2
/app/data/293_2.0.png,2
/app/data/294_2.0.png,2
/app/data/295_2.0.png,2
/app/data/296_2.0.png,2
/app/data/297_2.0.png,2
/app/data/298_2.0.png,2
/app/data/299_2.0.png,2
/app/data/300_2.0.png,2
/app/data/301_2.0.png,2
/app/data/302_2.0.png,2
/app/data/303_2.0.png,2
/app/data/305_2.0.png,2
/app/data/306_2.0.png,2
/app/data/307_2.0.png,2
/app/data/311_2.0.png,2
/app/data/312_2.0.png,2
/app/data/313_2.0.png,2
/app/data/314_2.0.png,2
/app/data/316_2.0.png,2
/app/data/318_2.0.png,2
/app/data/319_2.0.png,2
/app/data/320_2.0.png,2
/app/data/322_2.0.png,2
/app/data/324_2.0.png,2
/app/data/325_2.0.png,2
/app/data/326_2.0.png,2
/app/data/327_2.0.png,2
/app/data/328_2.0.png,2
/app/data/329_2.0.png,2
/app/data/330_2.0.png,2
/app/data/331_2.0.png,2
/app/data/333_2.0.png,2
/app/data/334_2.0.png,2
/app/data/336_2.0.png,2
/app/data/337_2.0.png,2
/app/data/338_2.0.png,2
/app/data/339_2.0.png,2
/app/data/340_2.0.png,2
/app/data/341_2.0.png,2
/app/data/343_2.0.png,2
/app/data/345_2.0.png,2
/app/data/346_2.0.png,2
/app/data/347_2.0.png,2
/app/data/348_2.0.png,2
/app/data/349_2.0.png,2
/app/data/350_2.0.png,2
/app/data/351_2.0.png,2
/app/data/353_2.0.png,2
/app/data/354_2.0.png,2
/app/data/355_2.0.png,2
/app/data/357_2.0.png,2
/app/data/358_2.0.png,2
/app/data/359_2.0.png,2
/app/data/361_2.0.png,2
/app/data/362_2.0.png,2
/app/data/364_2.0.png,2
/app/data/365_2.0.png,2
/app/data/366_2.0.png,2
/app/data/367_2.0.png,2
/app/data/368_2.0.png,2
/app/data/369_2.0.png,2
/app/data/370_2.0.png,2
/app/data/371_2.0.png,2
/app/data/372_2.0.png,2
/app/data/373_2.0.png,2
/app/data/374_2.0.png,2
/app/data/376_2.0.png,2
/app/data/377_2.0.png,2
/app/data/378_2.0.png,2
/app/data/379_2.0.png,2
/app/data/380_2.0.png,2
/app/data/382_2.0.png,2
/app/data/383_2.0.png,2
/app/data/385_2.0.png,2
/app/data/386_2.0.png,2
/app/data/387_2.0.png,2
/app/data/388_2.0.png,2
/app/data/389_2.0.png,2
/app/data/390_2.0.png,2
/app/data/391_2.0.png,2
/app/data/392_2.0.png,2
/app/data/393_2.0.png,2
/app/data/395_2.0.png,2
/app/data/397_3.0.png,3
/app/data/398_3.0.png,3
/app/data/400_3.0.png,3
/app/data/401_3.0.png,3
/app/data/402_3.0.png,3
/app/data/404_3.0.png,3
/app/data/407_3.0.png,3
/app/data/408_3.0.png,3
/app/data/409_3.0.png,3
/app/data/413_3.0.png,3
/app/data/414_3.0.png,3
/app/data/415_3.0.png,3
/app/data/417_3.0.png,3
/app/data/419_3.0.png,3
/app/data/422_3.0.png,3
/app/data/423_3.0.png,3
/app/data/424_3.0.png,3
/app/data/428_3.0.png,3
/app/data/430_3.0.png,3
/app/data/433_3.0.png,3
/app/data/434_3.0.png,3
/app/data/435_3.0.png,3
/app/data/437_3.0.png,3
/app/data/438_3.0.png,3
/app/data/441_3.0.png,3
/app/data/445_3.0.png,3
/app/data/447_3.0.png,3
/app/data/449_3.0.png,3
/app/data/450_3.0.png,3
/app/data/451_3.0.png,3
/app/data/454_3.0.png,3
/app/data/455_3.0.png,3
/app/data/456_3.0.png,3
/app/data/457_3.0.png,3
/app/data/458_3.0.png,3
/app/data/460_3.0.png,3
/app/data/462_3.0.png,3
/app/data/463_3.0.png,3
/app/data/464_3.0.png,3
/app/data/465_3.0.png,3
/app/data/468_3.0.png,3
/app/data/469_3.0.png,3
/app/data/470_3.0.png,3
/app/data/471_3.0.png,3
/app/data/473_3.0.png,3
/app/data/475_3.0.png,3
/app/data/476_3.0.png,3
/app/data/477_3.0.png,3
/app/data/478_3.0.png,3
/app/data/479_3.0.png,3
/app/data/482_3.0.png,3
/app/data/483_3.0.png,3
/app/data/484_3.0.png,3
/app/data/485_3.0.png,3
/app/data/489_3.0.png,3
/app/data/490_3.0.png,3
/app/data/491_3.0.png,3
/app/data/492_3.0.png,3
/app/data/493_3.0.png,3
/app/data/494_3.0.png,3
/app/data/496_3.0.png,3
/app/data/498_3.0.png,3
/app/data/500_3.0.png,3
/app/data/503_3.0.png,3
/app/data/504_3.0.png,3
/app/data/505_3.0.png,3
/app/data/507_3.0.png,3
/app/data/508_3.0.png,3
/app/data/510_3.0.png,3
/app/data/511_3.0.png,3
/app/data/512_3.0.png,3
/app/data/514_3.0.png,3
/app/data/515_3.0.png,3
/app/data/517_3.0.png,3
/app/data/519_3.0.png,3
/app/data/521_3.0.png,3
/app/data/522_3.0.png,3
/app/data/523_3.0.png,3
/app/data/524_3.0.png,3
/app/data/525_3.0.png,3
/app/data/527_3.0.png,3
/app/data/528_3.0.png,3
/app/data/530_3.0.png,3
/app/data/531_3.0.png,3
/app/data/532_3.0.png,3
/app/data/533_3.0.png,3
/app/data/534_3.0.png,3
/app/data/535_3.0.png,3
/app/data/538_3.0.png,3
/app/data/543_3.0.png,3
/app/data/544_3.0.png,3
/app/data/545_3.0.png,3
/app/data/546_3.0.png,3
/app/data/547_3.0.png,3
/app/data/548_3.0.png,3
/app/data/550_3.0.png,3
/app/data/551_3.0.png,3
/app/data/552_3.0.png,3
/app/data/553_3.0.png,3
/app/data/554_3.0.png,3
/app/data/556_3.0.png,3
/app/data/557_3.0.png,3
/app/data/558_3.0.png,3
/app/data/559_3.0.png,3
/app/data/560_3.0.png,3
/app/data/561_3.0.png,3
/app/data/562_3.0.png,3
/app/data/563_3.0.png,3
/app/data/564_3.0.png,3
/app/data/568_3.0.png,3
/app/data/569_3.0.png,3
/app/data/570_3.0.png,3
/app/data/571_3.0.png,3
/app/data/572_3.0.png,3
/app/data/574_3.0.png,3
/app/data/575_3.0.png,3
/app/data/576_3.0.png,3
/app/data/577_3.0.png,3
/app/data/578_3.0.png,3
/app/data/579_3.0.png,3
/app/data/580_3.0.png,3
/app/data/581_3.0.png,3
/app/data/582_3.0.png,3
/app/data/583_3.0.png,3
/app/data/584_3.0.png,3
/app/data/585_3.0.png,3
/app/data/591_3.0.png,3
/app/data/593_3.0.png,3
/app/data/594_3.0.png,3
/app/data/595_3.0.png,3
/app/data/596_3.0.png,3
/app/data/597_3.0.png,3
/app/data/598_3.0.png,3
/app/data/599_3.0.png,3
/app/data/601_3.0.png,3
/app/data/602_3.0.png,3
/app/data/604_3.0.png,3
/app/data/605_3.0.png,3
/app/data/606_3.0.png,3
/app/data/610_3.0.png,3
/app/data/613_3.0.png,3
/app/data/615_3.0.png,3
/app/data/616_3.0.png,3
/app/data/617_3.0.png,3
/app/data/618_3.0.png,3
/app/data/619_3.0.png,3
/app/data/622_3.0.png,3
/app/data/623_3.0.png,3
/app/data/624_3.0.png,3
/app/data/625_3.0.png,3
/app/data/626_3.0.png,3
/app/data/627_3.0.png,3
/app/data/629_3.0.png,3
/app/data/630_3.0.png,3
/app/data/631_3.0.png,3
/app/data/633_4.0.png,4
/app/data/634_4.0.png,4
/app/data/635_4.0.png,4
/app/data/636_4.0.png,4
/app/data/640_4.0.png,4
/app/data/641_4.0.png,4
/app/data/642_4.0.png,4
/app/data/643_4.0.png,4
/app/data/644_4.0.png,4
/app/data/645_4.0.png,4
/app/data/647_4.0.png,4
/app/data/649_4.0.png,4
/app/data/651_4.0.png,4
/app/data/654_4.0.png,4
/app/data/655_4.0.png,4
/app/data/656_4.0.png,4
/app/data/658_4.0.png,4
/app/data/659_4.0.png,4
/app/data/661_4.0.png,4
/app/data/662_4.0.png,4
/app/data/663_4.0.png,4
/app/data/665_4.0.png,4
/app/data/666_4.0.png,4
/app/data/668_4.0.png,4
/app/data/670_4.0.png,4
/app/data/672_4.0.png,4
/app/data/673_4.0.png,4
/app/data/674_4.0.png,4
/app/data/675_4.0.png,4
/app/data/676_4.0.png,4
/app/data/678_4.0.png,4
/app/data/679_4.0.png,4
/app/data/681_4.0.png,4
/app/data/682_4.0.png,4
/app/data/683_4.0.png,4
/app/data/684_4.0.png,4
/app/data/685_4.0.png,4
/app/data/686_4.0.png,4
/app/data/689_4.0.png,4
/app/data/694_4.0.png,4
/app/data/695_4.0.png,4
/app/data/696_4.0.png,4
/app/data/697_4.0.png,4
/app/data/698_4.0.png,4
/app/data/699_4.0.png,4
/app/data/701_4.0.png,4
/app/data/702_4.0.png,4
/app/data/703_4.0.png,4
/app/data/704_4.0.png,4
/app/data/705_4.0.png,4
/app/data/707_4.0.png,4
/app/data/708_4.0.png,4
/app/data/709_4.0.png,4
/app/data/710_4.0.png,4
/app/data/711_4.0.png,4
/app/data/712_4.0.png,4
/app/data/713_4.0.png,4
/app/data/714_4.0.png,4
/app/data/715_4.0.png,4
/app/data/719_4.0.png,4
/app/data/720_4.0.png,4
/app/data/721_4.0.png,4
/app/data/722_4.0.png,4
/app/data/723_4.0.png,4
/app/data/725_4.0.png,4
/app/data/726_4.0.png,4
/app/data/727_4.0.png,4
/app/data/728_4.0.png,4
/app/data/729_4.0.png,4
/app/data/730_4.0.png,4
/app/data/731_4.0.png,4
/app/data/732_4.0.png,4
/app/data/733_4.0.png,4
/app/data/734_4.0.png,4
/app/data/735_4.0.png,4
/app/data/736_4.0.png,4
/app/data/742_4.0.png,4
/app/data/744_4.0.png,4
/app/data/745_4.0.png,4
/app/data/746_4.0.png,4
/app/data/747_4.0.png,4
/app/data/748_4.0.png,4
/app/data/749_4.0.png,4
/app/data/750_4.0.png,4
/app/data/752_4.0.png,4
/app/data/753_4.0.png,4
/app/data/755_4.0.png,4
/app/data/756_4.0.png,4
/app/data/757_4.0.png,4
/app/data/761_4.0.png,4
/app/data/764_4.0.png,4
/app/data/766_4.0.png,4
/app/data/767_4.0.png,4
/app/data/768_4.0.png,4
/app/data/769_4.0.png,4
/app/data/770_4.0.png,4
/app/data/773_4.0.png,4
/app/data/774_4.0.png,4
/app/data/775_4.0.png,4
/app/data/776_4.0.png,4
/app/data/777_4.0.png,4
/app/data/778_4.0.png,4
/app/data/780_4.0.png,4
/app/data/781_4.0.png,4
/app/data/782_4.0.png,4
/app/data/784_4.0.png,4
/app/data/785_4.0.png,4
/app/data/786_4.0.png,4
/app/data/787_4.0.png,4
/app/data/788_4.0.png,4
/app/data/789_4.0.png,4
/app/data/791_4.0.png,4
/app/data/792_4.0.png,4
/app/data/793_4.0.png,4
/app/data/795_4.0.png,4
/app/data/798_4.0.png,4
/app/data/799_4.0.png,4
/app/data/800_4.0.png,4
/app/data/801_4.0.png,4
/app/data/802_4.0.png,4
/app/data/803_4.0.png,4
/app/data/806_4.0.png,4
/app/data/807_4.0.png,4
/app/data/808_4.0.png,4
/app/data/809_4.0.png,4
/app/data/810_4.0.png,4
/app/data/812_4.0.png,4
/app/data/813_4.0.png,4
/app/data/814_4.0.png,4
/app/data/817_4.0.png,4
/app/data/819_4.0.png,4
/app/data/820_4.0.png,4
/app/data/821_4.0.png,4
/app/data/824_4.0.png,4
/app/data/826_4.0.png,4
/app/data/827_4.0.png,4
/app/data/829_4.0.png,4
/app/data/830_4.0.png,4
/app/data/831_4.0.png,4
/app/data/832_4.0.png,4
/app/data/835_4.0.png,4
/app/data/836_4.0.png,4
/app/data/837_4.0.png,4
/app/data/838_4.0.png,4
/app/data/839_4.0.png,4
/app/data/840_4.0.png,4
/app/data/841_4.0.png,4
/app/data/842_4.0.png,4
/app/data/843_4.0.png,4
/app/data/847_4.0.png,4
/app/data/849_4.0.png,4
/app/data/850_4.0.png,4
/app/data/851_4.0.png,4
/app/data/852_4.0.png,4
/app/data/853_4.0.png,4
/app/data/855_4.0.png,4
/app/data/856_4.0.png,4
/app/data/857_4.0.png,4
/app/data/858_4.0.png,4
/app/data/860_4.0.png,4
/app/data/863_4.0.png,4
/app/data/864_4.0.png,4
/app/data/865_4.0.png,4
/app/data/866_4.0.png,4
/app/data/868_4.0.png,4
/app/data/870_4.0.png,4
/app/data/871_4.0.png,4
/app/data/873_4.0.png,4
/app/data/874_4.0.png,4
/app/data/876_4.0.png,4
/app/data/878_4.0.png,4
/app/data/879_4.0.png,4
/app/data/880_4.0.png,4
/app/data/881_4.0.png,4
/app/data/882_4.0.png,4
/app/data/883_4.0.png,4
/app/data/884_4.0.png,4
/app/data/885_4.0.png,4
/app/data/1000_5.0.png,5
/app/data/1001_5.0.png,5
/app/data/1003_5.0.png,5
/app/data/1004_5.0.png,5
/app/data/1005_5.0.png,5
/app/data/1007_5.0.png,5
/app/data/1010_5.0.png,5
/app/data/1011_5.0.png,5
/app/data/1012_5.0.png,5
/app/data/1016_5.0.png,5
/app/data/1017_5.0.png,5
/app/data/1018_5.0.png,5
/app/data/1020_5.0.png,5
/app/data/1022_5.0.png,5
/app/data/1025_5.0.png,5
/app/data/1026_5.0.png,5
/app/data/1027_5.0.png,5
/app/data/1031_5.0.png,5
/app/data/1033_5.0.png,5
/app/data/1036_5.0.png,5
/app/data/1037_5.0.png,5
/app/data/1038_5.0.png,5
/app/data/1040_5.0.png,5
/app/data/1041_5.0.png,5
/app/data/1044_5.0.png,5
/app/data/1048_5.0.png,5
/app/data/1050_5.0.png,5
/app/data/1052_5.0.png,5
/app/data/1053_5.0.png,5
/app/data/1054_5.0.png,5
/app/data/1057_5.0.png,5
/app/data/1058_5.0.png,5
/app/data/1059_5.0.png,5
/app/data/1060_5.0.png,5
/app/data/1061_5.0.png,5
/app/data/1063_5.0.png,5
/app/data/1065_5.0.png,5
/app/data/1066_5.0.png,5
/app/data/1067_5.0.png,5
/app/data/1068_5.0.png,5
/app/data/1071_5.0.png,5
/app/data/1072_5.0.png,5
/app/data/1073_5.0.png,5
/app/data/1074_5.0.png,5
/app/data/1076_5.0.png,5
/app/data/1078_5.0.png,5
/app/data/1079_5.0.png,5
/app/data/1080_5.0.png,5
/app/data/1081_5.0.png,5
/app/data/1082_5.0.png,5
/app/data/1084_5.0.png,5
/app/data/1085_5.0.png,5
/app/data/1086_5.0.png,5
/app/data/1087_5.0.png,5
/app/data/1088_5.0.png,5
/app/data/1089_5.0.png,5
/app/data/1090_5.0.png,5
/app/data/1091_5.0.png,5
/app/data/1092_5.0.png,5
/app/data/1094_5.0.png,5
/app/data/1095_5.0.png,5
/app/data/1096_5.0.png,5
/app/data/1097_5.0.png,5
/app/data/1098_5.0.png,5
/app/data/1099_5.0.png,5
/app/data/1101_5.0.png,5
/app/data/1102_5.0.png,5
/app/data/1103_5.0.png,5
/app/data/1104_5.0.png,5
/app/data/1105_5.0.png,5
/app/data/1106_5.0.png,5
/app/data/1107_5.0.png,5
/app/data/1108_5.0.png,5
/app/data/1109_5.0.png,5
/app/data/1110_5.0.png,5
/app/data/1111_5.0.png,5
/app/data/1113_5.0.png,5
/app/data/1114_5.0.png,5
/app/data/1115_5.0.png,5
/app/data/1119_5.0.png,5
/app/data/1120_5.0.png,5
/app/data/1121_5.0.png,5
/app/data/1122_5.0.png,5
/app/data/1124_5.0.png,5
/app/data/1126_5.0.png,5
/app/data/1127_5.0.png,5
/app/data/1128_5.0.png,5
/app/data/1130_5.0.png,5
/app/data/1132_5.0.png,5
/app/data/1133_5.0.png,5
/app/data/1134_5.0.png,5
/app/data/1135_5.0.png,5
/app/data/1136_5.0.png,5
/app/data/1137_5.0.png,5
/app/data/1138_5.0.png,5
/app/data/1139_5.0.png,5
/app/data/1141_5.0.png,5
/app/data/1142_5.0.png,5
/app/data/1144_5.0.png,5
/app/data/1145_5.0.png,5
/app/data/1146_5.0.png,5
/app/data/1147_5.0.png,5
/app/data/1148_5.0.png,5
/app/data/1149_5.0.png,5
/app/data/1151_5.0.png,5
/app/data/1153_5.0.png,5
/app/data/887_5.0.png,5
/app/data/888_5.0.png,5
/app/data/889_5.0.png,5
/app/data/890_5.0.png,5
/app/data/894_5.0.png,5
/app/data/895_5.0.png,5
/app/data/896_5.0.png,5
/app/data/897_5.0.png,5
/app/data/898_5.0.png,5
/app/data/899_5.0.png,5
/app/data/901_5.0.png,5
/app/data/903_5.0.png,5
/app/data/905_5.0.png,5
/app/data/908_5.0.png,5
/app/data/909_5.0.png,5
/app/data/910_5.0.png,5
/app/data/912_5.0.png,5
/app/data/913_5.0.png,5
/app/data/915_5.0.png,5
/app/data/916_5.0.png,5
/app/data/917_5.0.png,5
/app/data/919_5.0.png,5
/app/data/920_5.0.png,5
/app/data/922_5.0.png,5
/app/data/924_5.0.png,5
/app/data/926_5.0.png,5
/app/data/927_5.0.png,5
/app/data/928_5.0.png,5
/app/data/929_5.0.png,5
/app/data/930_5.0.png,5
/app/data/932_5.0.png,5
/app/data/933_5.0.png,5
/app/data/935_5.0.png,5
/app/data/936_5.0.png,5
/app/data/937_5.0.png,5
/app/data/938_5.0.png,5
/app/data/939_5.0.png,5
/app/data/940_5.0.png,5
/app/data/943_5.0.png,5
/app/data/948_5.0.png,5
/app/data/949_5.0.png,5
/app/data/950_5.0.png,5
/app/data/951_5.0.png,5
/app/data/952_5.0.png,5
/app/data/953_5.0.png,5
/app/data/955_5.0.png,5
/app/data/956_5.0.png,5
/app/data/957_5.0.png,5
/app/data/958_5.0.png,5
/app/data/959_5.0.png,5
/app/data/961_5.0.png,5
/app/data/962_5.0.png,5
/app/data/963_5.0.png,5
/app/data/964_5.0.png,5
/app/data/965_5.0.png,5
/app/data/966_5.0.png,5
/app/data/967_5.0.png,5
/app/data/968_5.0.png,5
/app/data/969_5.0.png,5
/app/data/973_5.0.png,5
/app/data/974_5.0.png,5
/app/data/975_5.0.png,5
/app/data/976_5.0.png,5
/app/data/977_5.0.png,5
/app/data/979_5.0.png,5
/app/data/980_5.0.png,5
/app/data/981_5.0.png,5
/app/data/982_5.0.png,5
/app/data/983_5.0.png,5
/app/data/984_5.0.png,5
/app/data/985_5.0.png,5
/app/data/986_5.0.png,5
/app/data/987_5.0.png,5
/app/data/988_5.0.png,5
/app/data/989_5.0.png,5
/app/data/990_5.0.png,5
/app/data/996_5.0.png,5
/app/data/998_5.0.png,5
/app/data/999_5.0.png,5
