loss,accuracy,val_loss,val_accuracy,lr
1.807741641998291,0.21621622145175934,1.7349869012832642,0.12418300658464432,1e-04
1.7622156143188477,0.24078623950481415,1.8730638027191162,0.12418300658464432,1e-04
1.732721209526062,0.24570024013519287,2.0270795822143555,0.12418300658464432,1e-04
1.646824836730957,0.28501227498054504,2.2165157794952393,0.12418300658464432,1e-04
1.6133427619934082,0.3488943576812744,2.182175874710083,0.12418300658464432,1e-04
1.567142367362976,0.36609336733818054,2.132307529449463,0.12418300658464432,1e-04
1.507216215133667,0.40417689085006714,1.9961165189743042,0.12418300658464432,5e-05
1.4979534149169922,0.40294840931892395,1.8730580806732178,0.12418300658464432,5e-05
1.440748691558838,0.45823097229003906,1.6953978538513184,0.12418300658464432,5e-05
1.418670892715454,0.46437346935272217,1.4528231620788574,0.3529411852359772,5e-05
1.4011383056640625,0.48280099034309387,1.2620490789413452,0.673202633857727,5e-05
1.3550372123718262,0.5024570226669312,1.202548861503601,0.7843137383460999,5e-05
1.3180296421051025,0.5270270109176636,1.1403955221176147,0.758169949054718,5e-05
1.3097575902938843,0.5503685474395752,1.166207194328308,0.7450980544090271,5e-05
1.297800898551941,0.5319410562515259,1.0879818201065063,0.8104575276374817,5e-05
1.2989670038223267,0.5208845138549805,1.069582223892212,0.7124183177947998,5e-05
1.2562730312347412,0.5982800722122192,1.0277878046035767,0.8562091588973999,5e-05
1.2634706497192383,0.5651105642318726,1.0655783414840698,0.686274528503418,5e-05
1.2198379039764404,0.6142506003379822,1.0675280094146729,0.6928104758262634,5e-05
1.2299357652664185,0.5773955583572388,1.0981353521347046,0.6470588445663452,5e-05
1.187041163444519,0.6302211284637451,0.9886855483055115,0.8104575276374817,5e-05
1.1836546659469604,0.6154791116714478,1.0051156282424927,0.7385621070861816,5e-05
1.168413519859314,0.6228501200675964,1.103144645690918,0.5947712659835815,5e-05
1.1441338062286377,0.6449631452560425,0.9394673705101013,0.8169934749603271,5e-05
1.1730185747146606,0.6056510806083679,0.9521359801292419,0.7973856329917908,5e-05
1.158704400062561,0.627764105796814,0.9017218351364136,0.8692810535430908,5e-05
1.1353510618209839,0.6461916565895081,1.0417488813400269,0.673202633857727,5e-05
1.1415252685546875,0.6388206481933594,0.8991520404815674,0.8496732115745544,5e-05
1.0922620296478271,0.6744471788406372,0.885062038898468,0.8562091588973999,5e-05
1.0849250555038452,0.6744471788406372,1.032081961631775,0.7124183177947998,5e-05
1.0903501510620117,0.6891891956329346,0.9149378538131714,0.8562091588973999,5e-05
1.0626593828201294,0.7174447178840637,0.9001786112785339,0.8888888955116272,5e-05
1.0676984786987305,0.6818181872367859,0.8812255859375,0.8823529481887817,5e-05
1.0731325149536133,0.6867321729660034,0.9190894961357117,0.8562091588973999,5e-05
1.0792202949523926,0.684275209903717,0.8192021250724792,0.9019607901573181,5e-05
1.0358827114105225,0.7309582233428955,0.8197687268257141,0.8627451062202454,5e-05
1.0429646968841553,0.7113022208213806,0.8624271750450134,0.8888888955116272,5e-05
1.011965274810791,0.7407862544059753,1.6212583780288696,0.4771241843700409,5e-05
1.027271032333374,0.7076166868209839,0.8226591944694519,0.8627451062202454,5e-05
1.0074580907821655,0.7420147657394409,0.8934034109115601,0.8104575276374817,5e-05
0.9775640368461609,0.7702702879905701,0.7979682683944702,0.8758170008659363,2.5e-05
0.9791280031204224,0.748157262802124,0.7765710353851318,0.915032684803009,2.5e-05
0.9700390100479126,0.7813267707824707,0.7975614070892334,0.9084967374801636,2.5e-05
0.9825122952461243,0.7727272510528564,1.0672621726989746,0.7058823704719543,2.5e-05
0.9701470136642456,0.7555282711982727,1.1200329065322876,0.6797385811805725,2.5e-05
0.9684194922447205,0.7776412963867188,0.8283713459968567,0.8562091588973999,2.5e-05
0.9544202089309692,0.7997543215751648,0.7726608514785767,0.9215686321258545,2.5e-05
0.9459072351455688,0.7800982594490051,0.7801024913787842,0.8954248428344727,2.5e-05
0.921033501625061,0.8046683073043823,0.790438711643219,0.8758170008659363,2.5e-05
0.9236888885498047,0.7923833131790161,0.7525989413261414,0.9215686321258545,2.5e-05
0.9520183205604553,0.7702702879905701,0.7514287829399109,0.9215686321258545,2.5e-05
0.9356915354728699,0.8009827733039856,0.7647644281387329,0.915032684803009,2.5e-05
0.901404619216919,0.8316953182220459,0.770477294921875,0.8954248428344727,2.5e-05
0.9211030602455139,0.8083537817001343,0.7561817765235901,0.9084967374801636,2.5e-05
0.90730220079422,0.8218673467636108,0.7380067706108093,0.9346405267715454,2.5e-05
0.8981243968009949,0.815724790096283,0.7784102559089661,0.8954248428344727,2.5e-05
0.9023795127868652,0.8230957984924316,0.7471327185630798,0.915032684803009,2.5e-05
0.9423418045043945,0.7948402762413025,0.7331951260566711,0.9346405267715454,2.5e-05
0.8715102672576904,0.834152340888977,0.7193155884742737,0.9542483687400818,2.5e-05
0.9101356267929077,0.7997543215751648,0.7187246084213257,0.9346405267715454,2.5e-05
0.8968570232391357,0.812039315700531,0.7528008818626404,0.9084967374801636,2.5e-05
0.8830716609954834,0.8488943576812744,0.7226306200027466,0.9346405267715454,2.5e-05
0.8783308863639832,0.8366093635559082,0.7115836143493652,0.9411764740943909,2.5e-05
0.8712949156761169,0.8415233492851257,0.7042249441146851,0.9346405267715454,2.5e-05
0.8894284963607788,0.8329238295555115,0.7906199097633362,0.8888888955116272,2.5e-05
0.8760475516319275,0.8329238295555115,0.7271853089332581,0.9281045794487,2.5e-05
0.8785121440887451,0.8329238295555115,0.7901809811592102,0.8758170008659363,2.5e-05
0.8714103698730469,0.8255528211593628,0.7940464615821838,0.8888888955116272,2.5e-05
0.873400092124939,0.8427518606185913,0.7069854736328125,0.9281045794487,2.5e-05
0.8537190556526184,0.8439803719520569,0.6914525628089905,0.9411764740943909,1.25e-05
0.855684220790863,0.8513513803482056,0.7211353182792664,0.915032684803009,1.25e-05
0.8626642227172852,0.8452088236808777,0.7528278827667236,0.8954248428344727,1.25e-05
0.8273910284042358,0.8783783912658691,0.7319028973579407,0.9019607901573181,1.25e-05
0.822925329208374,0.8734643459320068,0.6965803503990173,0.9346405267715454,1.25e-05
0.8332641124725342,0.8796069025993347,0.712352454662323,0.9215686321258545,1.25e-05
0.8120439052581787,0.8796069025993347,0.7044059634208679,0.9281045794487,6.25e-06
0.857248842716217,0.8488943576812744,0.7213999032974243,0.9084967374801636,6.25e-06
0.8511072397232056,0.8452088236808777,0.7288004755973816,0.8954248428344727,6.25e-06
0.8447902798652649,0.8464373350143433,0.7335426211357117,0.8954248428344727,6.25e-06
0.8369626402854919,0.8427518606185913,0.7105265855789185,0.9281045794487,6.25e-06
0.8288719058036804,0.8734643459320068,0.7072885036468506,0.9281045794487,3.125e-06
0.8201091289520264,0.8697788715362549,0.7148936986923218,0.9215686321258545,3.125e-06
0.8215788006782532,0.8710073828697205,0.7030678987503052,0.9346405267715454,3.125e-06
0.8284735083580017,0.85012286901474,0.7276122570037842,0.9019607901573181,3.125e-06
0.826973557472229,0.8697788715362549,0.7023215293884277,0.9346405267715454,3.125e-06
0.8272914290428162,0.8562653660774231,0.7046665549278259,0.9346405267715454,1.5625e-06
0.8202142119407654,0.8771498799324036,0.7181987166404724,0.9084967374801636,1.5625e-06
0.8365803360939026,0.859950840473175,0.711429238319397,0.9215686321258545,1.5625e-06
0.8352373242378235,0.8660933375358582,0.7118296027183533,0.9215686321258545,1.5625e-06
0.825295627117157,0.875921368598938,0.7136405110359192,0.915032684803009,1.5625e-06
0.8295971155166626,0.8550368547439575,0.7099538445472717,0.9215686321258545,1e-06
0.8081849217414856,0.8783783912658691,0.712870180606842,0.9215686321258545,1e-06
0.8264477252960205,0.8660933375358582,0.7137343287467957,0.9215686321258545,1e-06
0.8311263918876648,0.8648648858070374,0.716698944568634,0.915032684803009,1e-06
0.8251875042915344,0.8660933375358582,0.716535747051239,0.915032684803009,1e-06
0.8308491706848145,0.875921368598938,0.7121666073799133,0.915032684803009,1e-06
0.8359086513519287,0.8538083434104919,0.7134852409362793,0.915032684803009,1e-06
0.8311400413513184,0.8611793518066406,0.7134521007537842,0.915032684803009,1e-06
0.8467394709587097,0.8587223291397095,0.7089612483978271,0.9215686321258545,1e-06
0.8295938372612,0.8636363744735718,0.7109562754631042,0.9215686321258545,1e-06
0.8310057520866394,0.8710073828697205,0.7125661373138428,0.9215686321258545,1e-06
0.8064215183258057,0.8734643459320068,0.706193745136261,0.9281045794487,1e-06
0.8129045963287354,0.875921368598938,0.7103725671768188,0.9215686321258545,1e-06
0.8156871795654297,0.8783783912658691,0.712324857711792,0.9215686321258545,1e-06
0.8189510107040405,0.8685503602027893,0.71079421043396,0.9281045794487,1e-06
0.8219499588012695,0.8796069025993347,0.7125399708747864,0.9281045794487,1e-06
0.8135098814964294,0.8845208883285522,0.7078984975814819,0.9346405267715454,1e-06
0.816050112247467,0.8550368547439575,0.7158287167549133,0.915032684803009,1e-06
0.8263341188430786,0.8685503602027893,0.7045474052429199,0.9346405267715454,1e-06
0.822919487953186,0.8685503602027893,0.7055327296257019,0.9281045794487,1e-06
0.8426462411880493,0.8452088236808777,0.7068325877189636,0.9281045794487,1e-06
0.8306616544723511,0.8574938774108887,0.7048758268356323,0.9281045794487,1e-06
0.8264902234077454,0.8636363744735718,0.708471417427063,0.9215686321258545,1e-06
0.8179057240486145,0.8673218488693237,0.7036161422729492,0.9346405267715454,1e-06
0.8264889717102051,0.8550368547439575,0.705000102519989,0.9346405267715454,1e-06
0.843913733959198,0.8488943576812744,0.7074323892593384,0.9281045794487,1e-06
0.8184666037559509,0.8820638656616211,0.71140456199646,0.9215686321258545,1e-06
0.8384733200073242,0.8574938774108887,0.7069986462593079,0.9346405267715454,1e-06
0.824515700340271,0.8734643459320068,0.711151123046875,0.9215686321258545,1e-06
0.816797137260437,0.8796069025993347,0.7088244557380676,0.9281045794487,1e-06
